<?xml version="1.0" encoding="UTF-8"?>
<project-private xmlns="http://www.netbeans.org/ns/project-private/1">
    <editor-bookmarks xmlns="http://www.netbeans.org/ns/editor-bookmarks/2" lastBookmarkId="0"/>
    <open-files xmlns="http://www.netbeans.org/ns/projectui-open-files/2">
        <group>
            <file>file:/Users/roberth/NetBeansProjects/SistemaGalenoUNL-UsoArrayList/src/sistemagalenounl/HistoriaClinica.java</file>
            <file>file:/Users/roberth/NetBeansProjects/SistemaGalenoUNL-UsoArrayList/src/sistemagalenounl/Secretaria.java</file>
            <file>file:/Users/roberth/NetBeansProjects/SistemaGalenoUNL-UsoArrayList/src/sistemagalenounl/SistemaGalenoUNL.java</file>
            <file>file:/Users/roberth/NetBeansProjects/SistemaGalenoUNL-UsoArrayList/src/sistemagalenounl/CitaMedica.java</file>
            <file>file:/Users/roberth/NetBeansProjects/SistemaGalenoUNL-UsoArrayList/src/sistemagalenounl/Persona.java</file>
            <file>file:/Users/roberth/NetBeansProjects/SistemaGalenoUNL-UsoArrayList/src/sistemagalenounl/Empleado.java</file>
            <file>file:/Users/roberth/NetBeansProjects/SistemaGalenoUNL-UsoArrayList/src/sistemagalenounl/InterfaceTurno.java</file>
            <file>file:/Users/roberth/NetBeansProjects/SistemaGalenoUNL-UsoArrayList/src/sistemagalenounl/Medico.java</file>
        </group>
    </open-files>
</project-private>
